{
	"partitions" : [
		{
			"name" : "Top",
			"pins" : [
				{
					"name" : "M1A",
					"strict" : false
				},
				{
					"name" : "M1B",
					"strict" : false
				},
				{
					"name" : "M2B",
					"strict" : false
				},
				{
					"name" : "M2A",
					"strict" : false
				},
				{
					"name" : "adc_sclk",
					"strict" : false
				},
				{
					"name" : "adc_cs_n",
					"strict" : false
				},
				{
					"name" : "din",
					"strict" : false
				},
				{
					"name" : "trig",
					"strict" : false
				},
				{
					"name" : "MS1",
					"strict" : false
				},
				{
					"name" : "tx",
					"strict" : false
				},
				{
					"name" : "R1",
					"strict" : false
				},
				{
					"name" : "R2",
					"strict" : false
				},
				{
					"name" : "R3",
					"strict" : false
				},
				{
					"name" : "G1",
					"strict" : false
				},
				{
					"name" : "G2",
					"strict" : false
				},
				{
					"name" : "G3",
					"strict" : false
				},
				{
					"name" : "B1",
					"strict" : false
				},
				{
					"name" : "B2",
					"strict" : false
				},
				{
					"name" : "B3",
					"strict" : false
				},
				{
					"name" : "state",
					"strict" : false
				},
				{
					"name" : "clk",
					"strict" : false
				},
				{
					"name" : "rx",
					"strict" : false
				},
				{
					"name" : "dout5",
					"strict" : false
				},
				{
					"name" : "echo",
					"strict" : false
				},
				{
					"name" : "altera_reserved_tms",
					"strict" : false
				},
				{
					"name" : "altera_reserved_tck",
					"strict" : false
				},
				{
					"name" : "altera_reserved_tdi",
					"strict" : false
				},
				{
					"name" : "altera_reserved_tdo",
					"strict" : false
				}
			]
		}
	]
}